"Colorado Department of Local Affairs, State Demography Office",,,,,,,,,,,,,
2018 Final Estimates of Population and Households by Conservation Trust Fund Special District (V2016),,,,,,,,,,,,,
* Abbreviations: HH = Household,,,,,,,,,,,,,
,,,,,,Population,,,Persons Per HH,Housing,,,Percent Vacant
County FIPS,Place FIPS,LGID,OVERLAP ID,Dp,Area Name,Total,Group Quarter,HH,,Total  Units,Occupied  Units,Vacant  Units,
000,00000,,,,COLORADO STATE,5538180,120311,5417869,2.59,2341751,2090434,251317,10.73
001,00000,,,,ADAMS COUNTY,497673,4184,493489,3.08,170132,160328,9804,5.76
001,00001,01066,,,RiverdaleDunesMD1,1089,0,1089,3.52,326,309,17,5.21
001,00001,01082,,,BelleCreekMD1,1604,0,1604,3.07,546,523,23,4.21
001,00001,65955,,,ClearCreekMD2,0,0,0,,0,0,0,0.00
001,00001,65956,,,ClearCreekMD3,0,0,0,,0,0,0,0.00
001,00001,01041,,,BrightonCrossingMD4,1369,0,1369,3.33,434,411,23,5.30
001,00001,01065,,,Eagle Creek Metropolitan District,1256,0,1256,3.66,366,343,23,6.28
001,00001,01102,,,Bennett PRD,4094,0,4094,2.98,1503,1376,127,8.45
001,00001,01039,,,Bromley Park MD #2,2613,0,2613,3.29,840,795,45,5.36
001,00001,01064,,,Buffalo Ridge MD,2612,0,2612,3.15,905,829,76,8.40
001,00001,64170,,,Byers PRD,463,0,463,2.81,183,165,18,9.84
001,00001,01013,,,Hyland Hills MPRD,125056,361,124695,2.89,45696,43198,2498,5.47
001,00001,64135,,,Strasburg MPRD,3708,0,3708,3.01,1297,1233,64,4.93
001,00001,01049,,,Wright Farms MD,4335,0,4335,3.31,1357,1309,48,3.54
001,00002,,,,Non-District Sum,349474,3823,345651,3.15,116679,109837,6842,5.86
001,03455,01013,,,Arvada/Hyland Hills MPRD,3289,6,3283,2.77,1231,1185,46,3.74
001,04000,01102,,,Aurora/Bennett PRD,31,0,31,1.63,28,19,9,32.14
001,04000,,,,Aurora (MCP),46745,1064,45681,3.32,15329,13749,1580,10.31
001,06090,01102,,,Bennett/Bennett PRD,2114,0,2114,2.96,773,715,58,7.50
001,08675,01041,,,Brighton (MCP)/BrightonCrossingMD4,1369,0,1369,3.33,434,411,23,5.30
001,08675,01039,,,Brighton (MCP)/BromleyParkMD2,2613,0,2613,3.29,840,795,45,5.36
001,08675,,,,Brighton (MCP),34418,1543,32875,3.17,10953,10377,576,5.26
001,16495,01065,,,Commerce City/Eagle Creek Metro,1256,0,1256,3.66,366,343,23,6.28
001,16495,01082,,,Commerce/BelleCreekMD1,1604,0,1604,3.07,546,523,23,4.21
001,16495,01066,,,Commerce/RiverdaleDunesMD1,1089,0,1089,3.52,326,309,17,5.21
001,16495,01064,,,Commerce/Buffalo Ridge MD,2612,0,2612,3.15,905,829,76,8.40
001,16495,,,,Commerce City/non,47016,351,46665,3.42,14575,13657,918,6.30
001,26270,01013,,,Federal Heights/Hyland Hills MPRD,12384,0,12384,2.79,4877,4437,440,9.02
001,26270,,,,Federal Heights,0,0,0,,0,0,0,0.00
001,45530,,,,Lochbuie (MCP),2,0,2,2.00,1,1,0,0.00
001,54330,01013,,,Northglenn/Hyland Hills MPRD,9,0,9,3.00,3,3,0,0.00
001,54330,,,,Northglenn (MCP),38883,129,38754,2.85,14361,13576,785,5.47
001,77290,01013,,,Thornton/Hyland Hills MPRD,14857,10,14847,3.03,5184,4902,282,5.44
001,77290,01049,,,Thornton/Wright Farms MD,0,0,0,,0,0,0,0.00
001,77290,,,,Thornton (MCP),119988,452,119536,3.10,40293,38607,1686,4.18
001,83835,01013,,,Westminster/Hyland Hills MPRD,57267,321,56946,2.71,22050,21038,1012,4.59
001,83835,,,,Westminster (MCP),11856,0,11856,2.63,4823,4504,319,6.61
001,99990,65955,,,Uninc/ClearCreekMD2,0,0,0,,0,0,0,0.00
001,99990,65955,01013,,Uninc/ClearCreekMD2/HylandHillsMPRD,0,0,0,,0,0,0,0.00
001,99990,65956,01013,,Uninc/ClearCreekMD3/HylandHillsMPRD,0,0,0,,0,0,0,0.00
001,99990,01102,,,Uninc/Bennett PRD,1949,0,1949,3.04,702,642,60,8.55
001,99990,64170,,,Uninc/Byers PRD,463,0,463,2.81,183,165,18,9.84
001,99990,01013,,,Uninc/Hyland Hills MPRD,37250,24,37226,3.20,12351,11633,718,5.81
001,99990,64135,,,Uninc/Strasburg MPRD,3708,0,3708,3.01,1297,1233,64,4.93
001,99990,01049,,,Uninc/Wright Farms MD,4335,0,4335,3.31,1357,1309,48,3.54
001,99990,,,,Uninc/NonD,50566,284,50282,3.27,16344,15366,978,5.98
003,00000,,,,ALAMOSA COUNTY,16131,865,15266,2.43,6853,6270,583,8.51
003,00002,,,,Non-District Sum,16131,865,15266,2.43,6853,6270,583,8.51
003,01090,,,,Alamosa,9343,797,8546,2.35,3896,3636,260,6.67
003,37380,,,,Hooper,102,0,102,2.32,62,44,18,29.03
003,99990,,,,Unincorp. Area,6686,68,6618,2.56,2895,2590,305,10.54
005,00000,,,,ARAPAHOE COUNTY,637254,4255,632999,2.71,248692,233753,14939,6.01
005,00001,03059,,,Orchard Hills MRPD,467,0,467,2.94,161,159,2,1.24
005,00001,03103,,,Parker Jordan MD,6928,0,6928,2.56,2845,2704,141,4.96
005,00001,03067,,,Smoky Hill MD,4434,0,4434,3.19,1412,1389,23,1.63
005,00001,64126,,,South Suburban P/R District,129299,1057,128242,2.55,52995,50365,2630,4.96
005,00001,64135,,,Strasburg Metro P/R District,1646,0,1646,2.88,613,571,42,6.85
005,00001,03076,,,Sundance Hills Metro District,979,0,979,3.12,324,314,10,3.09
005,00001,03097,,,Dove Valley MD,3330,1239,2091,2.27,999,923,76,7.61
005,00001,03006,,,Arapahoe Lake PPD,667,0,667,2.98,225,224,1,0.44
005,00001,03087,,,Arapahoe PRD,58303,61,58242,3.35,18019,17388,631,3.50
005,00001,64170,,,Byers PRD,2349,0,2349,2.98,876,789,87,9.93
005,00001,03012,,,Chaparral MD,762,0,762,3.12,251,244,7,2.79
005,00001,03015,,,Cherry Creek Vista PRD,6100,27,6073,3.21,1942,1893,49,2.52
005,00001,03036,,,East Arapahoe MD,431,0,431,3.04,149,142,7,4.70
005,00001,03130,03087,,East Smoky Hill MD #1,1983,0,1983,3.28,627,604,23,3.67
005,00001,03129,,,Goodman MD,6066,0,6066,3.72,1666,1632,34,2.04
005,00001,03024,,,Heather Gardens Metro District,3284,0,3284,1.48,2442,2212,230,9.42
005,00001,64096,,,Normandy Estates MRD,288,4,284,2.93,100,97,3,3.00
005,00002,,,,Non-District Sum,411921,1867,410054,2.69,163673,152707,10966,6.70
005,04000,03103,,,Aurora/Parker Jordan MD,519,0,519,2.15,252,241,11,4.37
005,04000,,,,Aurora (MCP),305209,966,304243,2.81,115953,108449,7504,6.47
005,04000,03087,,,Aurora/ArapahoePRD,5423,49,5374,2.86,2063,1882,181,8.77
005,04000,03036,,,Aurora/East Arapahoe MD,175,0,175,3.24,56,54,2,3.57
005,04000,03024,,,Aurora/Heather Gardens MD,3284,0,3284,1.48,2442,2212,230,9.42
005,06090,,,,Bennett (MCP),378,0,378,3.15,126,120,6,4.76
005,08070,64126,,,Bow Mar/SouthSuburbanPRD,668,0,668,3.17,216,211,5,2.31
005,12815,03103,,,Centennial/Parker Jordan MD,12,0,12,3.00,4,4,0,0.00
005,12815,03067,,,Centennial/SmokyHillMD,4434,0,4434,3.19,1412,1389,23,1.63
005,12815,64126,,,Centennial/SouthSuburbanPRD,70668,437,70231,2.65,27528,26519,1009,3.67
005,12815,,,,Centennial,6530,13,6517,2.86,2380,2277,103,4.33
005,12815,03097,,,Centennial/DoveValleyMD,1355,1239,116,1.90,76,61,15,19.74
005,12815,03087,,,Centennial/Arapahoe PRD,24912,12,24900,3.34,7651,7452,199,2.60
005,12815,03087,03130,Dp,Centennial/East SmokyHill MD #1 03087,510,0,510,3.45,154,148,6,3.90
005,12815,03012,,,Centennial/Chaparral MD,762,0,762,3.12,251,244,7,2.79
005,12815,03015,,,Centennial/Cherry Creek Vista PRD,0,0,0,,0,0,0,0.00
005,12815,03036,,,Centennial/East Arapahoe MD,256,0,256,2.91,93,88,5,5.38
005,12815,03130,03087,,Centennial/East Smoky Hill MD #1 03087,510,0,510,3.45,154,148,6,3.90
005,13845,,,,Cherry Hills Village,6428,0,6428,3.18,2157,2023,134,6.21
005,16385,64126,,,Columbine Valley/SouthSuburbanPRD,1408,0,1408,2.74,555,514,41,7.39
005,19630,,,,Deer Trail,689,0,689,2.54,323,271,52,16.10
005,24785,64126,,,Englewood/SouthSuburbanPRD,195,0,195,2.29,89,85,4,4.49
005,24785,,,,Englewood,33812,282,33530,2.23,16183,15027,1156,7.14
005,28105,,,,Foxfield,780,15,765,2.97,270,258,12,4.44
005,30340,,,,Glendale,5048,0,5048,1.89,2985,2671,314,10.52
005,33035,03059,,,Greenwood Village/Orchard Hills MRPD,467,0,467,2.94,161,159,2,1.24
005,33035,64126,,,Greenwood Village/SouthSuburbanPRD,192,0,192,2.53,76,76,0,0.00
005,33035,03076,,,Greenwood Village/Sundance HillsMD,979,0,979,3.12,324,314,10,3.09
005,33035,,,,Greenwood Village,13106,53,13053,2.50,5761,5229,532,9.23
005,33035,03015,,,Greenwood Village/Cherry Creek Vista PRD,955,0,955,3.18,316,300,16,5.06
005,45255,64126,,,Littleton/SouthSuburbanPRD,44374,491,43883,2.37,19647,18486,1161,5.91
005,45255,,,,Littleton (MCP),0,0,0,,0,0,0,0.00
005,69645,64126,,,Sheridan/SouthSuburbanPRD,7918,0,7918,2.72,3215,2914,301,9.36
005,69645,,,,Sheridan,298,0,298,2.81,111,106,5,4.50
005,99990,64096,,,Uninc/Normandy Estates MRD,288,4,284,2.93,100,97,3,3.00
005,99990,03103,,,Uninc/Parker Jordan MD,6397,0,6397,2.60,2589,2459,130,5.02
005,99990,64126,,,Uninc/SouthSuburbanPRD,3876,129,3747,2.40,1669,1560,109,6.53
005,99990,64135,,,Uninc/StrasburgMPRD,1646,0,1646,2.88,613,571,42,6.85
005,99990,,,,Uninc/NonD,39643,538,39105,2.40,17424,16276,1148,6.59
005,99990,03097,,,Uninc/DoveValleyMD,1975,0,1975,2.29,923,862,61,6.61
005,99990,03006,,,Uninc/Arapaho Lake PPD,667,0,667,2.98,225,224,1,0.44
005,99990,03087,,,Uninc/Arapahoe PRD,25985,0,25985,3.49,7678,7450,228,2.97
005,99990,03087,03130,Dp,Uninc/EastSmokyHill MD #1 03087,1473,0,1473,3.23,473,456,17,3.59
005,99990,64170,,,Uninc/Byers PRD,2349,0,2349,2.98,876,789,87,9.93
005,99990,03015,,,Uninc/Cherry Creek Vista PRD,5145,27,5118,3.21,1626,1593,33,2.03
005,99990,03130,03087,,Uninc/East Smoky Hill MD #1 03087,1473,0,1473,3.23,473,456,17,3.59
005,99990,03129,,,Uninc/Goodman MD,6066,0,6066,3.72,1666,1632,34,2.04
007,00000,,,,ARCHULETA COUNTY,12907,129,12778,2.31,9199,5534,3665,39.84
007,00001,04015,,,Alpha-Rockridge Metro District,141,0,141,2.47,88,57,31,35.23
007,00001,04018,,,Loma Linda Metro District,242,0,242,3.18,110,76,34,30.91
007,00001,04014,,,San Juan River Village Metro District,587,0,587,10.30,161,57,104,64.60
007,00002,,,,Non-District Sum,11937,129,11808,2.21,8840,5344,3496,39.55
007,56860,04015,,,Pagosa Springs/Alpha-RockridgeMD,,0,,,0,,,0.00
007,56860,,,,Pagosa Springs,1883,66,1817,2.36,1016,770,246,24.21
007,99990,04015,,,Unin/Alpha-RockridgeMD,141,0,141,2.47,88,57,31,35.23
007,99990,04018,,,Uninc/LomaLindaMD,242,0,242,3.18,110,76,34,30.91
007,99990,04014,,,UnincSanJuanRiverVillageMD,587,0,587,10.30,161,57,104,64.60
007,99990,,,,Unincorp. Area,10054,63,9991,2.18,7824,4574,3250,41.54
009,00000,,,,BACA COUNTY,3557,82,3475,2.06,2252,1688,564,25.04
009,00001,05026,,,Campo P/R District,239,0,239,2.04,180,117,63,35.00
009,00001,05010,,,Springfield Metro Rec District,1790,60,1730,2.01,1081,862,219,20.26
009,00001,05014,,,Two Buttes Metro R/P District,95,0,95,1.86,79,51,28,35.44
009,00001,05018,,,Vilas Metro Rec District,224,0,224,2.36,126,95,31,24.60
009,00001,05022,,,Walsh Metro Rec District,922,22,900,2.09,600,431,169,28.17
009,00002,,,,Non-District Sum,287,0,287,2.17,186,132,54,29.03
009,11645,05026,,,Campo/CampoPRD,102,0,102,2.17,75,47,28,37.33
009,61315,,,,Pritchett,131,0,131,2.26,76,58,18,23.68
009,73330,05010,,,Springfield/SpringfieldMRD,1368,60,1308,1.96,830,667,163,19.64
009,79270,05014,,,Two Buttes/TwoButtedMRPD,40,0,40,1.54,37,26,11,29.73
009,81030,05018,,,Vilas/VilasMRD,107,0,107,2.43,60,44,16,26.67
009,82460,05022,,,Walsh/WalshMRD,512,22,490,1.95,350,251,99,28.29
009,99990,05026,,,Uninc/CampoPRD,137,0,137,1.96,105,70,35,33.33
009,99990,05010,,,Uninc/SpringfieldMRD,422,0,422,2.16,251,195,56,22.31
009,99990,05014,,,Uninc/TwoButtedMRPD,55,0,55,2.20,42,25,17,40.48
009,99990,05018,,,Uninc/VilasMRD,117,0,117,2.29,66,51,15,22.73
009,99990,05022,,,Uninc/WalshMRD,410,0,410,2.28,250,180,70,28.00
009,99990,,,,Unincorp. Area,156,0,156,2.11,110,74,36,32.73
011,00000,,,,BENT COUNTY,5626,1735,3891,2.12,2251,1839,412,18.30
011,00002,,,,Non-District Sum,5626,1735,3891,2.12,2251,1839,412,18.30
011,43660,,,,Las Animas,2184,78,2106,2.10,1214,1004,210,17.30
011,99990,,,,Unincorp. Area,3442,1657,1785,2.14,1037,835,202,19.48
013,00000,,,,BOULDER COUNTY,321989,11053,310936,2.48,133692,125607,8085,6.05
013,00001,64119,,,Estes Valley R/P District,119,6,113,1.92,344,59,285,82.85
013,00001,66136,,,Coal Creek Canyon PRD,871,2,869,2.22,488,392,96,19.67
013,00001,07013,,,Gunbarrel Estates Metro P/R Dist,872,0,872,2.64,334,330,4,1.20
013,00002,,,,Non-District Sum,320127,11045,309082,2.48,132526,124826,7700,5.81
013,07850,07013,,,Boulder/GunbarrelEstatesMPRD,0,0,0,,0,0,0,0.00
013,07850,,,,Boulder,107789,10209,97580,2.23,46005,43702,2303,5.01
013,24950,,,,Erie (MCP),9769,0,9769,3.07,3250,3181,69,2.12
013,39195,,,,Jamestown,247,0,247,2.17,123,114,9,7.32
013,41835,,,,Lafayette,28326,30,28296,2.62,11204,10795,409,3.65
013,45970,,,,Longmont (MCP),93254,623,92631,2.66,36627,34792,1835,5.01
013,46355,,,,Louisville,20643,133,20510,2.50,8583,8197,386,4.50
013,47070,,,,Lyons,1923,0,1923,2.44,827,788,39,4.72
013,53175,,,,Nederland,1524,5,1519,2.27,764,670,94,12.30
013,75640,,,,Superior (MCP),13185,0,13185,2.87,4800,4594,206,4.29
013,82735,,,,Ward,156,0,156,2.05,102,76,26,25.49
013,99990,64119,,,UnincEstesValleyRPD,119,6,113,1.92,344,59,285,82.85
013,99990,66136,,,Uninc/CoalCreekCanyonPRD,871,2,869,2.22,488,392,96,19.67
013,99990,07013,,,Uninc/GunbarrelEstatesMPRD,872,0,872,2.64,334,330,4,1.20
013,99990,,,,Unincorp/nonD,43311,45,43266,2.41,20241,17917,2324,11.48
014,00000,,,,BROOMFIELD COUNTY,66252,282,65970,2.65,26324,24892,1432,5.44
014,00001,62074,,,Carbon Valley Parks and Rec District,,,,,,,,0.00
014,00002,,,,Non-District Sum,66252,282,65970,2.65,26324,24892,1432,5.44
014,09280,,,,Broomfield C/C,66252,282,65970,2.65,26324,24892,1432,5.44
014,09280,62074,,,Broomfield/CarbonValleyPRD,,,,,,,,0.00
015,00000,,,,CHAFFEE COUNTY,19097,1501,17596,2.17,10664,8097,2567,24.07
015,00002,,,,Non-District Sum,19097,1501,17596,2.17,10664,8097,2567,24.07
015,10105,,,,Buena Vista,2833,0,2833,2.21,1478,1281,197,13.33
015,60600,,,,Poncha Springs,793,0,793,2.33,386,341,45,11.66
015,67280,,,,Salida,5649,175,5474,2.03,3102,2696,406,13.09
015,99990,,,,Unincorp. Area,9822,1326,8496,2.25,5698,3779,1919,33.68
017,00000,,,,CHEYENNE COUNTY,1853,42,1811,2.25,997,804,193,19.36
017,00001,09005,,,Cheyenne Wells Metro Rec District,840,27,813,2.12,432,384,48,11.11
017,00002,,,,Non-District Sum,1013,15,998,2.38,565,420,145,25.66
017,14175,09005,,,Cheyenne Wells/CheyenneWellsMRD,840,27,813,2.12,432,384,48,11.11
017,41010,,,,Kit Carson,229,15,214,2.30,145,93,52,35.86
017,99990,,,,Unincorp. Area,784,0,784,2.40,420,327,93,22.14
019,00000,,,,CLEAR CREEK COUNTY,9443,99,9344,2.20,5740,4248,1492,25.99
019,00001,10004,,,Clear Creek Metro Rec District,7305,97,7208,2.16,4509,3341,1168,25.90
019,00001,10010,,,St. Mary's Glacier Metro District,224,0,224,2.06,257,109,148,57.59
019,00002,,,,Non-District Sum,1914,2,1912,2.40,974,798,176,18.07
019,24620,10004,,,Empire/ClearCreekMRD,297,0,297,1.78,199,167,32,16.08
019,29735,10004,,,Georgetown/ClearCreekMRD,1061,63,998,1.97,760,506,254,33.42
019,38370,10004,,,Idaho Sprgs/ClearCreekMRD,1794,27,1767,2.13,935,829,106,11.34
019,70360,10004,,,Silver Plume/ClearCreekMRD,176,0,176,2.07,146,85,61,41.78
019,99990,10004,,,Uninc/ClearCreekMRD,3977,7,3970,2.26,2469,1754,715,28.96
019,99990,10010,,,Uninc/StMary'sGlacierMD,224,0,224,2.06,257,109,148,57.59
019,99990,,,,Unincorp. Area,1914,2,1912,2.40,974,798,176,18.07
021,00000,,,,CONEJOS COUNTY,8039,36,8003,2.51,4388,3191,1197,27.28
021,00002,,,,Non-District Sum,8039,36,8003,2.51,4388,3191,1197,27.28
021,02355,,,,Antonito,747,1,746,2.16,409,346,63,15.40
021,42055,,,,La Jara,783,5,778,2.47,357,315,42,11.76
021,48060,,,,Manassa,976,0,976,2.58,440,379,61,13.86
021,65740,,,,Romeo,399,0,399,2.91,162,137,25,15.43
021,67830,,,,Sanford,855,0,855,2.74,358,312,46,12.85
021,99990,,,,Unincorp. Area,4279,30,4249,2.50,2662,1702,960,36.06
023,00000,,,,COSTILLA COUNTY,3707,0,3707,2.26,2777,1641,1136,40.91
023,00001,12002,,,Blanca/Fort Garland Metro District,1711,0,1711,2.33,1274,734,540,42.39
023,00002,,,,Non-District Sum,1996,0,1996,2.20,1503,907,596,39.65
023,07190,12002,,,Blanca/BlancaFtGarlandMD,395,0,395,2.71,172,146,26,15.12
023,68105,,,,San Luis,627,0,627,2.20,382,285,97,25.39
023,99990,12002,,,Uninc/BlancaFtGarlandMD,1316,0,1316,2.24,1102,588,514,46.64
023,99990,,,,Unincorp. Area,1369,0,1369,2.20,1121,622,499,44.51
025,00000,,,,CROWLEY COUNTY,5214,2208,3006,2.27,1580,1324,256,16.20
025,00002,,,,Non-District Sum,5214,2208,3006,2.27,1580,1324,256,16.20
025,18750,,,,Crowley,166,0,166,2.10,88,79,9,10.23
025,55705,,,,Olney Springs,326,0,326,2.41,161,135,26,16.15
025,56145,,,,Ordway,1023,35,988,2.21,541,448,93,17.19
025,74815,,,,Sugar City,243,0,243,2.09,151,116,35,23.18
025,99990,,,,Unincorp. Area,3456,2173,1283,2.35,639,546,93,14.55
027,00000,,,,CUSTER COUNTY,4617,150,4467,2.15,4283,2076,2207,51.53
027,00002,,,,Non-District Sum,4617,150,4467,2.15,4283,2076,2207,51.53
027,70250,,,,Silver Cliff,615,0,615,1.99,417,309,108,25.90
027,83450,,,,Westcliffe,589,150,439,2.11,300,208,92,30.67
027,99990,,,,Unincorp. Area,3413,0,3413,2.19,3566,1559,2007,56.28
029,00000,,,,DELTA COUNTY,30471,708,29763,2.32,14679,12802,1877,12.79
029,00001,15029,,,"North Fork Pool, P/R/ District",7954,37,7917,2.23,4170,3544,626,15.01
029,00002,,,,Non-District Sum,22517,671,21846,2.36,10509,9258,1251,11.90
029,12635,,,,Cedaredge,2221,0,2221,2.06,1190,1077,113,9.50
029,17925,15029,,,Crawford/NorthForkPoolPRD,419,0,419,2.34,211,179,32,15.17
029,19850,,,,Delta,8711,136,8575,2.43,3821,3526,295,7.72
029,37545,15029,,,Hotchkiss/NorthForkPoolPRD,923,0,923,2.19,471,422,49,10.40
029,55980,,,,Orchard City,3085,55,3030,2.29,1433,1323,110,7.68
029,57300,15029,,,Paonia/NorthForkPoolPRD,1693,37,1656,2.10,890,787,103,11.57
029,99990,15029,,,Uninc/NorthForkPoolPRD,4919,0,4919,2.28,2598,2156,442,17.01
029,99990,,,,Unincorp/nonD,8500,480,8020,2.41,4065,3332,733,18.03
031,00000,,,,DENVER COUNTY,693292,16418,676874,2.34,314631,289670,24961,7.93
031,00001,64193,,,Bowles Metro District,2420,0,2420,2.92,857,830,27,3.15
031,00001,16010,,,Ebert Metro District,10797,0,10797,3.54,3195,3050,145,4.54
031,00001,16011,,,GVR Metro District,17215,0,17215,3.30,5469,5213,256,4.68
031,00002,,,,Non-District Sum,662860,16418,646442,2.30,305110,280577,24533,8.04
031,20000,64193,,,Denver/BowlesMD,2420,0,2420,2.92,857,830,27,3.15
031,20000,16010,,,Denver/EbertMD,10797,0,10797,3.54,3195,3050,145,4.54
031,20000,16011,,,Denver/GVRMD,17215,0,17215,3.30,5469,5213,256,4.68
031,20000,,,,Denver/NonD,662860,16418,646442,2.30,305110,280577,24533,8.04
033,00000,,,,DOLORES COUNTY,2035,0,2035,2.25,1476,903,573,38.82
033,00002,,,,Non-District Sum,2035,0,2035,2.25,1476,903,573,38.82
033,21265,,,,Dove Creek,721,0,721,2.33,360,309,51,14.17
033,64090,,,,Rico,263,0,263,2.09,212,126,86,40.57
033,99990,,,,Unincorp. Area,1051,0,1051,2.25,904,468,436,48.23
035,00000,,,,DOUGLAS COUNTY,328330,871,327459,2.92,117683,112322,5361,4.56
035,00001,18103,,,Canterberry Crossing Metro Dist #1,4110,0,4110,3.34,1275,1230,45,3.53
035,00001,18122,,,Canterberry Crossing MD#2,2762,0,2762,3.51,808,786,22,2.72
035,00001,18044,,,Castle Pines Metro District,9400,0,9400,3.06,3197,3068,129,4.04
035,00001,18053,,,Cherry Creek South Metro Dist #1,4286,0,4286,2.71,1677,1584,93,5.55
035,00001,18110,,,Consolidated Bell Mtn Ranch Metropolitan Dist,609,0,609,2.81,228,217,11,4.82
035,00001,18036,,,Cottonwood Metro District,5304,0,5304,2.62,2117,2026,91,4.30
035,00001,18114,,,E-470 Potomac Metro Dist,784,0,784,3.27,247,240,7,2.83
035,00001,18045,,,Founders Village Metro Dist,7596,0,7596,3.26,2430,2330,100,4.12
035,00001,18102,,,Hidden Pointe Metro Dist,846,0,846,4.01,216,211,5,2.31
035,00001,18083,,,High Prairie Farms Metro Dist,2324,0,2324,3.33,737,697,40,5.43
035,00001,65783,,,Highlands Ranch Metro Dist,103630,21,103609,2.96,36097,34976,1121,3.11
035,00001,18042,,,Lincoln Park Metro Dist,3160,0,3160,2.55,1292,1238,54,4.18
035,00001,18024,,,McArthur Ranch Metro Rec District,196,0,196,2.80,78,70,8,10.26
035,00001,18056,,,Meadows Metro Dist #1,7087,0,7087,3.42,2137,2073,64,2.99
035,00001,18057,,,Meadows Metro Dist #2,2991,0,2991,3.29,945,908,37,3.92
035,00001,18058,,,Meadows Metro Dist #3,524,0,524,3.32,167,158,9,5.39
035,00001,18059,,,Meadows Metro Dist #4,6,0,6,3.00,2,2,0,0.00
035,00001,18061,,,Meadows Metro Dist#6,1084,0,1084,2.95,397,368,29,7.30
035,00001,18062,,,Meadows Metro Dist#7,2740,0,2740,3.20,916,855,61,6.66
035,00001,18029,,,Perry Park Metro Dist,1899,0,1899,2.62,769,725,44,5.72
035,00001,18112,,,Pinery West Metro Dist#2,1587,6,1581,3.69,459,429,30,6.54
035,00001,18055,,,Roxborough Village Metro Dist,6992,0,6992,3.21,2258,2178,80,3.54
035,00001,64126,,,South Suburban P/R District,22815,0,22815,2.71,8775,8424,351,4.00
035,00001,18043,,,Stonegate Village Metro District,8275,0,8275,3.35,2512,2471,41,1.63
035,00002,,,,Non-District Sum,127323,844,126479,2.81,47947,45058,2889,6.03
035,04000,,,,Aurora (MCP),581,0,581,2.98,228,195,33,14.47
035,12387,18044,,,CastlePines/CPNMD,,,,,,,,0.00
035,12387,18102,,,CastlePines/HiddenPointeMD,,,,,,,,0.00
035,12387,,,,Castle Pines,,,,,,,,0.00
035,12415,18045,,,Castle Rock/FoundersVilMD,7596,0,7596,3.26,2430,2330,100,4.12
035,12415,18056,,,Castle Rock/MeadowsMD#1,7087,0,7087,3.42,2137,2073,64,2.99
035,12415,18057,,,Castle Rock/MeadowsMD#2,2991,0,2991,3.29,945,908,37,3.92
035,12415,18058,,,Castle Rock/MeadowsMD#3,524,0,524,3.32,167,158,9,5.39
035,12415,18059,,,Castle Rock/MeadowsMD#4,6,0,6,3.00,2,2,0,0.00
035,12415,18061,,,Castle Rock/MeadowMD#6,1084,0,1084,2.95,397,368,29,7.30
035,12415,18062,,,Castle Rock/MeadowMD#7,2740,0,2740,3.20,916,855,61,6.66
035,12415,,,,Castle Rock,35261,539,34722,2.83,13051,12286,765,5.86
035,43550,,,,Larkspur,206,0,206,2.37,97,87,10,10.31
035,45255,65783,,,Littleton/HighlandsRMD,9,0,9,4.50,3,2,1,33.33
035,45255,64126,,,Littleton/SouthSub,20,0,20,1.54,14,13,1,7.14
035,45255,,,,Littleton (MCP),0,0,0,,0,0,0,0.00
035,45955,65783,,,Lone Tree/HighlandsRMD,66,0,66,3.00,22,22,0,0.00
035,45955,18024,,,Lone Tree/McArthurRMRD,28,0,28,3.50,8,8,0,0.00
035,45955,64126,,,Lone Tree/SouthSubPRD,12717,0,12717,2.67,5001,4759,242,4.84
035,45955,,,,Lone Tree/NonD,415,0,415,2.15,202,193,9,4.46
035,57630,18103,,,Parker/CanterberryCrMD#1,4110,0,4110,3.34,1275,1230,45,3.53
035,57630,18122,,,Parker/CanterberryCrMD#2,2762,0,2762,3.51,808,786,22,2.72
035,57630,18053,,,Parker/CherryCreekSMD#1,4286,0,4286,2.71,1677,1584,93,5.55
035,57630,18036,,,Parker/CottonwoodMD,3397,0,3397,2.53,1409,1341,68,4.83
035,57630,18042,,,Parker/LincolnParkMD,94,0,94,2.61,37,36,1,2.70
035,57630,18043,,,Parker/StonegateVMD,122,0,122,3.39,37,36,1,2.70
035,57630,,,,Parker/NonD,37334,38,37296,2.98,12961,12513,448,3.46
035,99990,18110,,,Uninc/ConsolidBMRMD,609,0,609,2.81,228,217,11,4.82
035,99990,18036,,,Uninc/CottonwoodMD,1907,0,1907,2.78,708,685,23,3.25
035,99990,18114,,,Unic/E-470 Potomac MD,784,0,784,3.27,247,240,7,2.83
035,99990,18083,,,Uninc/HighPrairieFMD,2324,0,2324,3.33,737,697,40,5.43
035,99990,65783,,,Uninc/HighlandsRMD,103555,21,103534,2.96,36072,34952,1120,3.10
035,99990,18042,,,Unic/LincolnParkMD,3066,0,3066,2.55,1255,1202,53,4.22
035,99990,18024,,,Uninc/McArthurRMRD,168,0,168,2.71,70,62,8,11.43
035,99990,18029,,,Uninc/PerryParkMD,1899,0,1899,2.62,769,725,44,5.72
035,99990,18112,,,Uninc/PineryWMD#2,1587,6,1581,3.69,459,429,30,6.54
035,99990,18055,,,Uninc/RoxboroughVMD,6992,0,6992,3.21,2258,2178,80,3.54
035,99990,64126,,,Uninc/SouthSubPRD,10078,0,10078,2.76,3760,3652,108,2.87
035,99990,18043,,,Uninc/StonegateVMD,8153,0,8153,3.35,2475,2435,40,1.62
035,99990,,,,Unincorp/nonD,52853,259,52594,2.69,21154,19541,1613,7.63
037,00000,,,,EAGLE COUNTY,53928,70,53858,2.72,32043,19792,12251,38.23
037,00001,19001,,,Arrowhead Metro District,312,0,312,2.12,748,147,601,80.35
037,00001,19004,,,Beaver Creek Metro District,248,0,248,1.94,1891,128,1763,93.23
037,00001,19006,,,Berry Creek Metro District,1735,0,1735,2.39,994,727,267,26.86
037,00001,65210,,,Cordillera Metro Dist,480,0,480,2.31,559,208,351,62.79
037,00001,19051,,,Cotton Ranch Metro Dist,1600,0,1600,3.19,579,501,78,13.47
037,00001,65152,,,Crown Mt. P/R District,8048,0,8048,2.73,3382,2943,439,12.98
037,00001,19015,,,Eagle-Vail Metro Dist,3103,0,3103,2.50,1777,1240,537,30.22
037,00001,64211,,,Mid Valley Metro Dist,3834,0,3834,2.68,1581,1430,151,9.55
037,00001,19032,,,Vail P/R District,5706,1,5705,2.07,7748,2759,4989,64.39
037,00001,19039,,,Western Eagle County Metro Rec Dist,24474,69,24405,2.99,9790,8162,1628,16.63
037,00002,,,,Non-District Sum,8796,0,8796,2.72,5246,3228,2018,38.47
037,04110,,,,Avon,6570,0,6570,2.80,3657,2348,1309,35.79
037,04935,65152,64211,Dp,Basalt/MidValleyMD 65152,1565,0,1565,2.35,769,666,103,13.39
037,04935,65152,,,Basalt/CrownMtPRD,1416,0,1416,2.55,645,556,89,13.80
037,04935,64211,65152,,Basalt/MidValleyMD 65152,1565,0,1565,2.35,769,666,103,13.39
037,22200,19039,,,Eagle/WEagleCoMRD,6748,69,6679,2.98,2482,2243,239,9.63
037,33695,19051,,,Gypsum/CottonRMD,1600,0,1600,3.19,579,501,78,13.47
037,33695,19039,,,Gypsum/WEagleCoMRD,5383,0,5383,3.30,1781,1632,149,8.37
037,50920,,,,Minturn,1047,0,1047,2.46,534,425,109,20.41
037,63265,,,,Red Cliff,280,0,280,2.30,147,122,25,17.01
037,80040,19032,,,Vail/VailPRD,5486,1,5485,2.05,7422,2673,4749,63.99
037,99990,19001,19039,,Uninc/WestEagleCoMRD 19039,49,0,49,2.04,86,24,62,72.09
037,99990,19001,,,Uninc/ArrowheadMD,263,0,263,2.14,662,123,539,81.42
037,99990,19004,,,Uninc/BeaverCreekMD,248,0,248,1.94,1891,128,1763,93.23
037,99990,19006,,,Uninc/BerryCreekMD,1690,0,1690,2.39,968,708,260,26.86
037,99990,19006,19039,Dp,Uninc/BerryCreek/WestEagleCoMRD 19039,45,0,45,2.37,26,19,7,26.92
037,99990,65210,19039,,Uninc/CordilleraMD/WEC19039,480,0,480,2.31,559,208,351,62.79
037,99990,65152,,,Uninc/CrownMtPRD,2798,0,2798,2.92,1156,957,199,17.21
037,99990,65152,64211,Dp,Uninc/MidValleyMD 65152,2269,0,2269,2.97,812,764,48,5.91
037,99990,19015,,,Uninc/EagleVailMD,3103,0,3103,2.50,1777,1240,537,30.22
037,99990,64211,65152,,Uninc/MidValleyMD 65152,2269,0,2269,2.97,812,764,48,5.91
037,99990,19032,,,Uninc/VailPRD,220,0,220,2.56,326,86,240,73.62
037,99990,19039,65210,Dp,Uninc/CordilleraMD/WEC19039,480,0,480,2.31,559,208,351,62.79
037,99990,19039,19001,Dp,Uninc/WestEagleCoMRD/Arrowhead,49,0,49,2.04,86,24,62,72.09
037,99990,19039,19006,,Uninc/WestEagleCoMRD/BerryCreek,45,0,45,2.37,26,19,7,26.92
037,99990,19039,,,Uninc/WEagleCoMRD,11769,0,11769,2.92,4856,4036,820,16.89
037,99990,,,,Unincorp. Area,899,0,899,2.70,908,333,575,63.33
039,00000,,,,ELBERT COUNTY,25169,73,25096,2.85,9389,8791,598,6.37
039,00001,20010,,,Elizabeth P/R District,14791,8,14783,2.92,5272,5064,208,3.95
039,00002,,,,Non-District Sum,10378,65,10313,2.77,4117,3727,390,9.47
039,23740,20010,,,Elizabeth/ElizParkPRD,1409,0,1409,2.88,531,489,42,7.91
039,40790,,,,Kiowa,749,35,714,2.55,322,280,42,13.04
039,70635,,,,Simla,640,30,610,2.76,266,221,45,16.92
039,99990,20010,,,Uninc/ElizParkPRD,13382,8,13374,2.92,4741,4575,166,3.50
039,99990,,,,Unincorp. Area,8989,0,8989,2.79,3529,3226,303,8.59
041,00000,,,,EL PASO COUNTY,690207,20681,669526,2.68,267737,249865,17872,6.68
041,00001,21010,,,Cherokee Metro District,23450,11,23439,2.91,8535,8066,469,5.50
041,00001,21012,,,Cheyenne Creek Metro Dist,1018,1,1017,1.90,599,536,63,10.52
041,00001,21057,,,Colorado Centre Metro District,3100,0,3100,3.26,1001,950,51,5.09
041,00001,65200,,,Cross Creek Metro Dist,4163,0,4163,3.29,1368,1267,101,7.38
041,00001,21094,,,Ellicott Metro District,4480,0,4480,2.91,1713,1539,174,10.16
041,00001,21081,,,Manitou Springs Metro District,215,0,215,1.90,126,113,13,10.32
041,00001,21106,,,Meridian Ranch Metro Dist,5591,0,5591,3.52,1691,1588,103,6.09
041,00001,21074,,,Paint Brush Hills Metro Dist,2241,0,2241,3.25,706,689,17,2.41
041,00001,21061,,,Triview Metro District,3838,0,3838,3.40,1162,1128,34,2.93
041,00001,21902,,,Widefield 3 School District,51441,2149,49292,3.04,17059,16213,846,4.96
041,00001,21089,,,Woodmen Hills Metro Dist,6973,0,6973,3.46,2101,2015,86,4.09
041,00001,65117,,,Falcon Highlands,871,0,871,3.69,246,236,10,4.07
041,00001,65495,,,Cumberland Green MD,1179,0,1179,3.62,349,326,23,6.59
041,00002,,,,Non-District Sum,587780,18520,569260,2.62,233111,217097,16014,6.87
041,11260,,,,Calhan,840,0,840,2.63,358,319,39,10.89
041,16000,21010,,,Colo.Springs/CherokeeMD,834,0,834,2.96,289,282,7,2.42
041,16000,21010,21094,,Colo.Springs/EllicotMD 21094,8,0,8,2.67,3,3,0,0.00
041,16000,21012,,,ColoSprg/CheyenCr,1018,1,1017,1.90,599,536,63,10.52
041,16000,21057,21902,,Colo.Springs/ColoCentreMD,21,0,21,3.00,19,7,12,63.16
041,16000,21094,21902,Dp,Colo.Springs/WidefieldSD21094,0,0,0,,0,0,0,0.00
041,16000,21094,21010,Dp,Colo.Springs/EllicotMD 21094,8,0,8,2.67,3,3,0,0.00
041,16000,21094,,,Colorado Springs/EllicottMD,9,0,9,1.80,5,5,0,0.00
041,16000,21902,,,Colo.Springs/Widefield3SD,0,0,0,,0,0,0,0.00
041,16000,21902,21057,Dp,Colo.Springs/ColoCentreMD,21,0,21,3.00,19,7,12,63.16
041,16000,21902,21094,,Colo.Springs/WidefieldSD 21094,0,0,0,,0,0,0,0.00
041,16000,,,,Colorado Springs/ND,459063,10076,448987,2.55,188236,175866,12370,6.57
041,27865,65200,21902,,Fountain/CrossCrMD/Widefield,3025,0,3025,3.20,1026,945,81,7.89
041,27865,65200,,,Fountain/Cross CrMD,1138,0,1138,3.53,342,322,20,5.85
041,27865,21902,65200,Dp,Fountain/CrossCrMD/Widefield,3025,0,3025,3.20,1026,945,81,7.89
041,27865,21902,,,Fountain/Widefield3SD,4441,0,4441,3.09,1578,1439,139,8.81
041,27865,,,,Fountain/NonD,19798,0,19798,3.05,6946,6501,445,6.41
041,27865,65495,,,Fountain/CumberlandGreenMD,,,,,,,,0.00
041,32650,,,,Green Mtn. Falls (MCP),843,24,819,2.69,576,305,271,47.05
041,48445,21081,,,Manitou Springs/ManitouSpringsMD,215,0,215,1.90,126,113,13,10.32
041,48445,,,,Manitou Springs,5294,33,5261,2.08,2822,2527,295,10.45
041,51800,21061,,,Monument/TriviewMD,3838,0,3838,3.40,1162,1128,34,2.93
041,51800,,,,Monument/NonD,2403,0,2403,2.94,868,817,51,5.88
041,57025,,,,Palmer Lake,2710,3,2707,2.65,1154,1021,133,11.53
041,62660,,,,Ramah,129,0,129,2.30,68,56,12,17.65
041,99990,21010,,,Uninc/CherokeeMD,22608,11,22597,2.90,8243,7781,462,5.60
041,99990,21057,21902,,Uninc/ColoCentreMD,3079,0,3079,3.27,982,943,39,3.97
041,99990,21094,,,Uninc/EllicottMD,4463,0,4463,2.92,1705,1531,174,10.21
041,99990,21106,,,Uninc/MeridianRanchMD,5591,0,5591,3.52,1691,1588,103,6.09
041,99990,21074,,,Uninc/PaintBrHilMD,2241,0,2241,3.25,706,689,17,2.41
041,99990,21902,,,Uninc/Widefield2SchDist,40875,2149,38726,3.01,13454,12879,575,4.27
041,99990,21902,21057,Dp,Uninc/ColoCentreMD,3079,0,3079,3.27,982,943,39,3.97
041,99990,21089,,,Uninc/WoodmenHMD,6973,0,6973,3.46,2101,2015,86,4.09
041,99990,,,,Uninc/NonD,96700,8384,88316,2.98,32083,29685,2398,7.47
041,99990,65117,,,Uninc/FalconHighlands,871,0,871,3.69,246,236,10,4.07
043,00000,,,,FREMONT COUNTY,47487,8306,39181,2.33,19625,16810,2815,14.34
043,00001,22004,,,Canon City Area Metro R/P Dist,26911,3072,23839,2.29,11338,10389,949,8.37
043,00001,22022,,,Penrose P/R District,3804,6,3798,2.52,1643,1505,138,8.40
043,00002,,,,Non-District Sum,16772,5228,11544,2.35,6644,4916,1728,26.01
043,09115,22004,,,Brookside/CanonCityAreaMRPD,242,0,242,2.42,105,100,5,4.76
043,09115,,,,Brookside,12,0,12,4.00,3,3,0,0.00
043,11810,22004,,,Canon City/CanonCityAreaMRPD,16620,1584,15036,2.25,7341,6682,659,8.98
043,15330,,,,Coal Creek,365,0,365,2.59,160,141,19,11.88
043,27040,,,,Florence,3920,91,3829,2.42,1753,1584,169,9.64
043,64970,,,,Rockvale,508,0,508,2.43,235,209,26,11.06
043,85155,,,,Williamsburg,687,13,674,2.57,283,262,21,7.42
043,99990,22004,,,Uninc/CanonCityAreaMRPD,10049,1488,8561,2.37,3892,3607,285,7.32
043,99990,22022,,,Uninc/PenrosePRD,3804,6,3798,2.52,1643,1505,138,8.40
043,99990,,,,Unincorp. Area,11280,5124,6156,2.27,4210,2717,1493,35.46
045,00000,,,,GARFIELD COUNTY,58984,884,58100,2.80,23772,20770,3002,12.63
045,00001,23032,23029,Dp,ConsolidMD,4228,0,4228,2.73,2199,1551,648,29.47
045,00001,64211,,,Mid Valley Metro District,107,0,107,2.97,40,36,4,10.00
045,00001,23029,,,Parachute/Battlement Mesa P/R Dist,6095,0,6095,2.75,3064,2217,847,27.64
045,00002,,,,Non-District Sum,52782,884,51898,2.80,20668,18517,2151,10.41
045,12045,,,,Carbondale,6772,105,6667,2.88,2536,2313,223,8.79
045,30780,,,,Glenwood Springs,9998,177,9821,2.56,4171,3831,340,8.15
045,53395,,,,New Castle,4756,0,4756,2.95,1762,1611,151,8.57
045,57400,23029,,,Parachute/ParachBattleMesaPRD,1116,0,1116,3.00,540,372,168,31.11
045,64255,,,,Rifle,9476,135,9341,2.88,3652,3244,408,11.17
045,70195,,,,Silt,3099,0,3099,3.05,1110,1016,94,8.47
045,99990,23032,23029,Dp,ConsolidMD/Uninc/23032,4228,0,4228,2.73,2199,1551,648,29.47
045,99990,64211,,,Uninc/MidValleyMD,107,0,107,2.97,40,36,4,10.00
045,99990,23029,,,Uninc/ParachBattleMesaPRD,751,0,751,2.55,325,294,31,9.54
045,99990,23029,23032,,ConsolidMD/Uninc/23032,4228,0,4228,2.73,2199,1551,648,29.47
045,99990,,,,Unincorp. Area,18681,467,18214,2.80,7437,6502,935,12.57
047,00000,,,,GILPIN COUNTY,5926,49,5877,2.34,3640,2516,1124,30.88
047,00002,,,,Non-District Sum,5926,49,5877,2.34,3640,2516,1124,30.88
047,07025,,,,Black Hawk,128,0,128,2.46,70,52,18,25.71
047,12910,,,,Central City (MCP),733,0,733,2.06,505,355,150,29.70
047,99990,,,,Unincorp. Area,5065,49,5016,2.38,3065,2109,956,31.19
049,00000,,,,GRAND COUNTY,15039,222,14817,2.21,16670,6706,9964,59.77
049,00001,25005,,,Fraser Valley Metro Rec Dist,5657,178,5479,2.13,7455,2577,4878,65.43
049,00001,25013,,,Grand Lake Metro Rec Dist,2497,5,2492,2.01,4585,1237,3348,73.02
049,00002,,,,Non-District Sum,6885,39,6846,2.37,4630,2892,1738,37.54
049,28305,25005,,,Fraser/FraserValleyMRD,1239,5,1234,2.19,1143,563,580,50.74
049,31605,25005,,,Grandby/FraserValleyMRD,22,0,22,2.75,38,8,30,78.95
049,31605,,,,Granby,2010,0,2010,2.32,1681,867,814,48.42
049,31715,25013,,,Grand Lake/GrandLakeMRD,489,3,486,1.90,983,256,727,73.96
049,37600,,,,Hot Sulphur Springs,692,33,659,2.41,333,273,60,18.02
049,41560,,,,Kremmling,1511,4,1507,2.44,697,617,80,11.48
049,85705,25005,,,Winter Park/FraserValleyMRD,1032,13,1019,1.99,2738,512,2226,81.30
049,99990,25005,,,Uninc/FraserValleyMRD,3364,160,3204,2.14,3536,1494,2042,57.75
049,99990,25013,,,Uninc/GrandLakeMRD,2008,2,2006,2.04,3602,981,2621,72.77
049,99990,,,,Unincorp. Area,2672,2,2670,2.35,1919,1135,784,40.85
051,00000,,,,GUNNISON COUNTY,16394,1019,15375,2.28,11819,6751,5068,42.88
051,00001,64073,,,Gunnison County Metro Rec District,15843,1001,14842,2.28,11287,6507,4780,42.35
051,00002,,,,Non-District Sum,551,18,533,2.18,532,244,288,54.14
051,18310,64073,,,Crested Butte/GunnisonCoMRD,1606,0,1606,2.10,1126,764,362,32.15
051,33640,64073,,,Gunnison/GunnisonCoMRD,6276,929,5347,2.25,2708,2373,335,12.37
051,48555,,,,Marble,135,0,135,2.45,106,55,51,48.11
051,52570,64073,,,Mount Crested Butte/GunnisonCoMRD,830,0,830,2.05,1527,405,1122,73.48
051,59830,64073,,,Pitkin/GunnisonCoMRD,70,0,70,2.00,219,35,184,84.02
051,99990,64073,,,Uninc/GunnisonCoMRD,7061,72,6989,2.39,5707,2930,2777,48.66
051,99990,,,,Unincorp. Area,416,18,398,2.11,426,189,237,55.63
053,00000,,,,HINSDALE COUNTY,775,56,719,1.95,1421,368,1053,74.10
053,00002,,,,Non-District Sum,775,56,719,1.95,1421,368,1053,74.10
053,42330,,,,Lake City,368,0,368,1.91,450,193,257,57.11
053,99990,,,,Unincorp. Area,407,56,351,2.01,971,175,796,81.98
055,00000,,,,HUERFANO COUNTY,6642,165,6477,2.02,5227,3210,2017,38.59
055,00001,65065,,,Huerfano P/R District,6642,165,6477,2.02,5227,3210,2017,38.59
055,00002,,,,Non-District Sum,0,0,0,0.00,0,0,0,0.00
055,44100,65065,,,La Veta/HuerfanoPRD,777,0,777,1.86,569,417,152,26.71
055,82350,65065,,,Walsenburg/HuerfanoPRD,2973,56,2917,2.05,1760,1423,337,19.15
055,99990,65065,,,Uninc/HuerfanoPRD,2892,109,2783,2.03,2898,1370,1528,52.73
057,00000,,,,JACKSON COUNTY,1351,2,1349,2.05,1307,658,649,49.66
057,00002,,,,Non-District Sum,1351,2,1349,2.05,1307,658,649,49.66
057,82130,,,,Walden,583,2,581,1.99,378,292,86,22.75
057,99990,,,,Unincorp. Area,768,0,768,2.10,929,366,563,60.60
059,00000,,,,JEFFERSON COUNTY,571711,8048,563663,2.49,238917,226499,12418,5.20
059,00001,30111,30028,,West Meadows Metropolitan District,2417,0,2417,2.68,951,901,50,5.26
059,00001,64193,,,Bowles Metro District,2503,0,2503,2.53,1041,989,52,5.00
059,00001,30016,,,Columbine Knolls Grove Metro Rec Dist,2707,17,2690,2.79,981,964,17,1.73
059,00001,30140,30028,Dp,DeerCreekMD,1121,0,1121,1.80,668,622,46,6.89
059,00001,30023,,,Evergreen P/R District,22897,105,22792,2.52,9945,9044,901,9.06
059,00001,30028,,,Foothills P/R District,97733,1116,96617,2.67,37413,36156,1257,3.36
059,00001,66136,,,Coal Creek Canyon PRD,1990,0,1990,2.33,982,853,129,13.14
059,00001,30116,,,Ken-Caryl Ranch Metro District,10945,0,10945,2.97,3766,3691,75,1.99
059,00001,30057,,,Leawood Metro R/P Dist,3148,1,3147,2.81,1139,1119,20,1.76
059,00001,30124,,,Mount Vernon Country Club Metro District,229,0,229,2.63,90,87,3,3.33
059,00001,64096,,,Normandy Estates Metro Rec District,696,0,696,2.76,255,252,3,1.18
059,00001,30138,,,Apex(NoJeffCo) P/R District,127832,800,127032,2.56,51713,49631,2082,4.03
059,00001,30105,,,Plains Metro District,628,0,628,1.61,413,390,23,5.57
059,00001,30075,,,Pleasant View Metro District,4429,45,4384,2.43,1938,1804,134,6.91
059,00001,30148,,,Prospect R/P District,9941,7,9934,2.39,4341,4152,189,4.35
059,00001,64126,,,South Suburban P/R District,2589,0,2589,3.13,847,826,21,2.48
059,00001,65883,,,Fossil Ridge Metro District No 3,373,0,373,2.94,211,127,84,39.81
059,00001,65882,,,Fossil Ridge Metro District No 2,318,0,318,2.94,179,108,71,39.66
059,00001,65520,30028,,Dancing Meadows Metro,623,0,623,2.23,296,280,16,5.41
059,00002,,,,Non-District Sum,282363,5957,276406,2.38,123515,116162,7353,5.95
059,03455,30138,,,Arvada/ApexPRD,113695,630,113065,2.56,46109,44237,1872,4.06
059,03455,,,,Arvada (MCP),276,1,275,2.67,105,103,2,1.90
059,08070,,,,Bow Mar (MCP),303,0,303,3.12,104,97,7,6.73
059,23135,,,,Edgewater,5349,0,5349,2.37,2448,2257,191,7.80
059,30835,30075,,,Golden/PleasantViewMD,257,0,257,2.57,104,100,4,3.85
059,30835,,,,Golden,20203,2656,17547,2.30,7999,7634,365,4.56
059,42495,,,,Lakeside*,8,0,8,1.00,10,8,2,20.00
059,43000,64193,,,Lakewood/BowlesMD,1140,0,1140,1.92,642,595,47,7.32
059,43000,30028,,,Lakewood/FoothillsPRD,766,0,766,2.24,358,342,16,4.47
059,43000,30075,,,Lakewood/PleasantViewMD,46,0,46,2.19,23,21,2,8.70
059,43000,30148,,,Lakewood/ProspectRPD,432,0,432,1.79,263,242,21,7.98
059,43000,,,,Lakewood,151997,2441,149556,2.35,67554,63715,3839,5.68
059,43000,65882,,,Lakewood/FossilRidgeMD2,318,0,318,2.94,179,108,71,39.66
059,43000,65883,,,Lakewood/FossilRidgeMD3,373,0,373,2.94,211,127,84,39.81
059,45255,64126,,,Littleton/SouthSuburbanPRD,2589,0,2589,3.13,847,826,21,2.48
059,45255,,,,Littleton/NonD,0,0,0,,0,0,0,0.00
059,52075,30023,,,Morrison/EvergreenPRD,0,0,0,,0,0,0,0.00
059,52075,,,,Morrison,438,146,292,2.13,142,137,5,3.52
059,52350,,,,Mountain View,535,0,535,2.03,285,264,21,7.37
059,83835,30138,,,Westminster/ApexPRD,3980,113,3867,2.30,1752,1680,72,4.11
059,83835,,,,Westminster (MCP),40078,43,40035,2.65,15639,15102,537,3.43
059,84440,30138,,,Wheat Ridge/ApexPRD,0,0,0,,0,0,0,0.00
059,84440,,,,Wheat Ridge,31448,554,30894,2.18,15066,14162,904,6.00
059,99990,30111,30028,,Uninc/Foothills PRD/30111,2417,0,2417,2.68,951,901,50,5.26
059,99990,64193,,,Uninc/BowlesMD,1363,0,1363,3.46,399,394,5,1.25
059,99990,30016,,,Uninc/ColumbineKnollsGroveMRD,2707,17,2690,2.79,981,964,17,1.73
059,99990,30140,30028,Dp,DeerCreekMD/Uninc/Foothills,1121,0,1121,1.80,668,622,46,6.89
059,99990,30023,,,Uninc/EvergreenPRD,22897,105,22792,2.52,9945,9044,901,9.06
059,99990,30028,,,Uninc/FoothillsPRD,92806,1116,91690,2.70,35140,34011,1129,3.21
059,99990,30028,65520,Dp,Dancing Meadows/Uninc/Foothills,623,0,623,2.23,296,280,16,5.41
059,99990,30029,,,Uninc/Forest Hills MD,390,0,390,2.71,148,144,4,2.70
059,99990,66136,,,Uninc/CoalCreekCanyonPRD,1990,0,1990,2.33,982,853,129,13.14
059,99990,30116,,,Uninc/KenCarylMD,10945,0,10945,2.97,3766,3691,75,1.99
059,99990,30057,,,Uninc/LeawoodMPRD,3148,1,3147,2.81,1139,1119,20,1.76
059,99990,30124,,,Uninc/MountVernonCCMD,229,0,229,2.63,90,87,3,3.33
059,99990,64096,,,Uninc/NormandyEstatesMRD,696,0,696,2.76,255,252,3,1.18
059,99990,30138,,,Uninc/ApexPRD,10157,57,10100,2.72,3852,3714,138,3.58
059,99990,30105,,,Uninc/PlainsMD,628,0,628,1.61,413,390,23,5.57
059,99990,30075,,,Uninc/PleasantViewMD,4126,45,4081,2.42,1811,1683,128,7.07
059,99990,30148,,,Uninc/ProspectRPD,9509,7,9502,2.43,4078,3910,168,4.12
059,99990,,,,Unincorp. Area,31728,116,31612,2.49,14163,12683,1480,10.45
059,99990,30028,30140,Dp,DeerCreekMD/Uninc/Foothills,,,,,,,,0.00
059,99990,65520,30028,,Dancing Meadows/Uninc/Foothills,623,0,623,2.23,296,280,16,5.41
061,00000,,,,KIOWA COUNTY,1347,14,1333,2.12,819,630,189,23.08
061,00002,,,,Non-District Sum,1347,14,1333,2.12,819,630,189,23.08
061,22145,,,,Eads,577,14,563,1.97,352,286,66,18.75
061,34740,,,,Haswell,66,0,66,1.94,42,34,8,19.05
061,69700,,,,Sheridan Lake,85,0,85,2.83,44,30,14,31.82
061,99990,,,,Unincorp. Area,619,0,619,2.21,381,280,101,26.51
063,00000,,,,KIT CARSON COUNTY,7639,490,7149,2.34,3555,3059,496,13.95
063,00002,,,,Non-District Sum,7639,490,7149,2.34,3555,3059,496,13.95
063,06530,,,,Bethune,234,0,234,3.00,84,78,6,7.14
063,10600,,,,Burlington,3633,484,3149,2.33,1480,1353,127,8.58
063,26765,,,,Flager,554,0,554,2.06,328,269,59,17.99
063,69040,,,,Seibert,218,0,218,2.10,144,104,40,27.78
063,74485,,,,Stratton,650,6,644,2.24,346,287,59,17.05
063,81690,,,,Vona,105,0,105,2.14,61,49,12,19.67
063,99990,,,,Unincorp. Area,2245,0,2245,2.44,1112,919,193,17.36
065,00000,,,,LAKE COUNTY,7595,156,7439,2.47,4350,3006,1344,30.90
065,00002,,,,Non-District Sum,7595,156,7439,2.47,4350,3006,1344,30.90
065,44320,,,,Leadville,2677,78,2599,2.16,1680,1206,474,28.21
065,99990,,,,Unincorp. Area,4918,78,4840,2.69,2670,1800,870,32.58
067,00000,,,,LA PLATA COUNTY,55697,1977,53720,2.40,27404,22375,5029,18.35
067,00001,65199,,,Aspen Trails Metro Dist,153,0,153,2.51,92,61,31,33.70
067,00001,34006,,,Durango West Metro District #1,558,0,558,2.70,224,207,17,7.59
067,00001,34007,,,Durango West Metro District #2,635,0,635,2.61,263,243,20,7.60
067,00001,34035,,,El Rancho Florida Metro District,310,0,310,2.46,129,126,3,2.33
067,00001,34011,,,Forest Lakes Metro District,1653,0,1653,2.59,757,638,119,15.72
067,00001,34024,,,Purgatory Metro District,40,0,40,1.67,173,24,149,86.13
067,00002,,,,Non-District Sum,52348,1977,50371,2.39,25766,21076,4690,18.20
067,05265,,,,Bayfield,2632,0,2632,2.64,1067,997,70,6.56
067,22035,,,,Durango,18607,1884,16723,2.22,8423,7528,895,10.63
067,38535,,,,Ignacio,723,0,723,2.54,312,285,27,8.65
067,99990,65199,,,Uninc/AspenTrailsMD,153,0,153,2.51,92,61,31,33.70
067,99990,34006,,,Uninc/Durango WestMD#1,558,0,558,2.70,224,207,17,7.59
067,99990,34007,,,Uninc/Durango WestMD#2,635,0,635,2.61,263,243,20,7.60
067,99990,34035,,,Uninc/ElRanchoFloridaMD,310,0,310,2.46,129,126,3,2.33
067,99990,34011,,,Uninc/ForestLakesMD,1653,0,1653,2.59,757,638,119,15.72
067,99990,34024,,,Uninc/PurgatoryMD,40,0,40,1.67,173,24,149,86.13
067,99990,,,,Unincorp. Area,30386,93,30293,2.47,15964,12266,3698,23.16
069,00000,,,,LARIMER COUNTY,338663,9323,329340,2.50,144977,131828,13149,9.07
069,00001,64119,,,Estes Valley R/P District,11075,296,10779,2.14,8579,5037,3542,41.29
069,00001,62104,,,Thompson Rivers Park/Rec Dist,1075,0,1075,2.47,516,436,80,15.50
069,00002,,,,Non-District Sum,326513,9027,317486,2.51,135882,126355,9527,7.01
069,06255,,,,Berthoud (MCP),6122,69,6053,2.59,2439,2340,99,4.06
069,25115,64119,,,Estes Park/EstesValleyRPD,6259,37,6222,2.14,4262,2902,1360,31.91
069,27425,,,,Fort Collins,162918,7867,155051,2.44,66530,63590,2940,4.42
069,39855,62104,,,Johnstown/Thompson RiversP/R,794,0,794,2.48,388,320,68,17.53
069,39855,,,,Johnstown (MCP),16,0,16,1.78,10,9,1,10.00
069,46465,62104,,,Loveland/ThompsonRivP/R,0,0,0,,0,0,0,0.00
069,46465,,,,Loveland,75987,521,75466,2.52,31536,29986,1550,4.92
069,77510,,,,Timnath,2907,0,2907,3.01,1097,966,131,11.94
069,83230,,,,Wellington,8360,0,8360,2.96,2940,2821,119,4.05
069,85485,,,,Windsor (MCP),6802,0,6802,3.01,2398,2261,137,5.71
069,99990,64119,,,Uninc/EstesValleyRPD,4816,259,4557,2.13,4317,2135,2182,50.54
069,99990,62104,,,Uninc/ThompsonRivPRD,281,0,281,2.42,128,116,12,9.38
069,99990,,,,Uninc/NonD,63401,570,62831,2.58,28932,24382,4550,15.73
071,00000,,,,LAS ANIMAS COUNTY,14082,883,13199,2.03,8405,6506,1899,22.59
071,00001,36018,,,Santa Fe Trail Ranch Metro District,207,0,207,1.78,177,116,61,34.46
071,00002,,,,Non-District Sum,13875,883,12992,2.03,8228,6390,1838,22.34
071,00760,,,,Aguilar,476,0,476,2.04,290,233,57,19.66
071,08345,,,,Branson,65,0,65,1.97,45,33,12,26.67
071,15550,,,,Cokedale,118,0,118,2.15,97,55,42,43.30
071,40570,,,,Kim,65,0,65,1.67,47,39,8,17.02
071,73715,,,,Starkville,52,0,52,2.00,35,26,9,25.71
071,78610,,,,Trinidad,8057,379,7678,2.04,4358,3759,599,13.74
071,99990,36018,,,Uninc/SantaFeTrailRanchMD,207,0,207,1.78,177,116,61,34.46
071,99990,,,,Unincorp. Area,5042,504,4538,2.02,3356,2245,1111,33.10
073,00000,,,,LINCOLN COUNTY,5554,957,4597,2.32,2459,1978,481,19.56
073,00002,,,,Non-District Sum,5554,957,4597,2.32,2459,1978,481,19.56
073,03235,,,,Arriba,200,0,200,2.08,131,96,35,26.72
073,29680,,,,Genoa,145,0,145,2.34,86,62,24,27.91
073,37875,,,,Hugo,731,82,649,2.11,409,307,102,24.94
073,44980,,,,Limon,1958,20,1938,2.32,974,837,137,14.07
073,99990,,,,Unincorp. Area,2520,855,1665,2.46,859,676,183,21.30
075,00000,,,,LOGAN COUNTY,22047,3447,18600,2.29,9070,8126,944,10.41
075,00002,,,,Non-District Sum,22047,3447,18600,2.29,9070,8126,944,10.41
075,18640,,,,Crook,108,0,108,1.89,76,57,19,25.00
075,26875,,,,Fleming,405,0,405,2.43,207,167,40,19.32
075,38590,,,,Iliff,262,0,262,2.45,129,107,22,17.05
075,50040,,,,Merino,280,0,280,2.57,121,109,12,9.92
075,58235,,,,Peetz,235,0,235,2.40,107,98,9,8.41
075,73935,,,,Sterling,14101,3351,10750,2.20,5410,4878,532,9.83
075,99990,,,,Unincorp. Area,6656,96,6560,2.42,3020,2710,310,10.26
077,00000,,,,MESA COUNTY,150731,5332,145399,2.39,65601,60839,4762,7.26
077,00001,39035,,,Panorama Improvement District,975,0,975,2.43,415,402,13,3.13
077,00002,,,,Non-District Sum,149756,5332,144424,2.39,65186,60437,4749,7.29
077,15605,,,,Collbran,691,235,456,2.38,225,192,33,14.67
077,19355,,,,De Beque,493,2,491,2.51,229,196,33,14.41
077,28745,,,,Fruita,12679,208,12471,2.50,5367,4996,371,6.91
077,31660,39035,,,Grand JunctioPanoramaID,42,0,42,2.80,15,15,0,0.00
077,31660,,,,Grand Junction,64587,4554,60033,2.31,27991,26002,1989,7.11
077,56970,,,,Palisade,2718,132,2586,2.10,1328,1234,94,7.08
077,99990,39035,,,Uninc/PanoramaID,933,0,933,2.41,400,387,13,3.25
077,99990,,,,Unincorp/nonD,68588,201,68387,2.46,30046,27817,2229,7.42
079,00000,,,,MINERAL COUNTY,737,0,737,2.01,1234,366,868,70.34
079,00002,,,,Non-District Sum,737,0,737,2.01,1234,366,868,70.34
079,14765,,,,Creede,304,0,304,1.83,282,166,116,41.13
079,99990,,,,Unincorp. Area,433,0,433,2.17,952,200,752,78.99
081,00000,,,,MOFFAT COUNTY,13088,102,12986,2.36,6255,5513,742,11.86
081,00002,,,,Non-District Sum,13088,102,12986,2.36,6255,5513,742,11.86
081,17760,,,,Craig,8922,99,8823,2.32,4092,3796,296,7.23
081,20495,,,,Dinosaur,319,0,319,2.44,175,131,44,25.14
081,99990,,,,Unincorp. Area,3847,3,3844,2.42,1988,1586,402,20.22
083,00000,,,,MONTEZUMA COUNTY,26906,237,26669,2.50,12225,10657,1568,12.83
083,00002,,,,Non-District Sum,26906,237,26669,2.50,12225,10657,1568,12.83
083,17375,,,,Cortez,8986,126,8860,2.43,3950,3650,300,7.59
083,20770,,,,Dolores,991,9,982,2.24,509,438,71,13.95
083,48115,,,,Mancos,1425,73,1352,2.41,624,560,64,10.26
083,99990,,,,Unincorp. Area,15504,29,15475,2.58,7142,6009,1133,15.86
085,00000,,,,MONTROSE COUNTY,41421,542,40879,2.42,18745,16922,1823,9.73
085,00001,65225,43003,,Buckhorn Heights Metro Dist,8,0,8,2.67,3,3,0,0.00
085,00001,43003,,,Montrose Recreation District,31355,456,30899,2.38,14198,13002,1196,8.42
085,00002,,,,Non-District Sum,10066,86,9980,2.55,4547,3920,627,13.79
085,51745,43003,,,Montrose/MontroseRD,19220,448,18772,2.32,8864,8093,771,8.70
085,53120,,,,Naturita,534,0,534,2.11,316,253,63,19.94
085,54935,,,,Nucla,703,0,703,2.27,371,310,61,16.44
085,55540,,,,Olathe,1808,68,1740,2.95,634,589,45,7.10
085,99990,65225,43003,,Uninc/BuckhornHeightsMD,8,0,8,2.67,3,3,0,0.00
085,99990,43003,,,Uninc/MontroseRD,12127,8,12119,2.47,5331,4906,425,7.97
085,99990,43003,65225,Dp,Uninc/BuckhornHeightsMD,8,0,8,2.67,3,3,0,0.00
085,99990,,,,Unincorp. Area,7021,18,7003,2.53,3226,2768,458,14.20
087,00000,,,,MORGAN COUNTY,28148,564,27584,2.65,11645,10427,1218,10.46
087,00002,,,,Non-District Sum,28148,564,27584,2.65,11645,10427,1218,10.46
087,09555,,,,Brush,5391,373,5018,2.40,2295,2087,208,9.06
087,27810,,,,Fort Morgan,11165,191,10974,2.74,4282,4003,279,6.52
087,36610,,,,Hillrose,303,0,303,2.75,130,110,20,15.38
087,45695,,,,Log Lane Village,864,0,864,2.87,344,301,43,12.50
087,84770,,,,Wiggins,888,0,888,2.94,346,302,44,12.72
087,99990,,,,Unincorp. Area,9537,0,9537,2.63,4248,3624,624,14.69
089,00000,,,,OTERO COUNTY,18290,433,17857,2.31,8986,7744,1242,13.82
089,00002,,,,Non-District Sum,18290,433,17857,2.31,8986,7744,1242,13.82
089,13460,,,,Cheraw,244,0,244,2.42,115,101,14,12.17
089,27975,,,,Fowler,1146,37,1109,2.11,597,526,71,11.89
089,42110,,,,La Junta,6864,283,6581,2.25,3422,2919,503,14.70
089,48500,,,,Manzanola,420,0,420,2.58,198,163,35,17.68
089,65190,,,,Rocky Ford,3835,70,3765,2.32,1869,1620,249,13.32
089,75970,,,,Swink,598,0,598,2.41,286,248,38,13.29
089,99990,,,,Unincorp. Area,5183,43,5140,2.37,2499,2167,332,13.29
091,00000,,,,OURAY COUNTY,4844,0,4844,2.29,3215,2112,1103,34.31
091,00001,46013,,,Loghill Village P/R District,338,0,338,2.28,203,148,55,27.09
091,00002,,,,Non-District Sum,4506,0,4506,2.29,3012,1964,1048,34.79
091,56420,,,,Ouray,1022,0,1022,2.29,782,447,335,42.84
091,64200,,,,Ridgway,1016,0,1016,2.39,538,425,113,21.00
091,99990,46013,,,Uninc/LoghillVillagePRD,338,0,338,2.28,203,148,55,27.09
091,99990,,,,Unincorp. Area,2468,0,2468,2.26,1692,1092,600,35.46
093,00000,,,,PARK COUNTY,17285,92,17193,2.29,14432,7493,6939,48.08
093,00001,47006,,,Harris Park Metropolitan District,543,0,543,2.31,449,235,214,47.66
093,00001,47008,47021,Dp,IndianMtMPRD,323,0,323,1.96,603,165,438,72.64
093,00001,47021,,,South Park - P/R District,5504,74,5430,2.16,6795,2516,4279,62.97
093,00001,47015,,,Will-O-Wisp Metro District,243,0,243,2.31,114,105,9,7.89
093,00002,,,,Non-District Sum,10995,18,10977,2.37,7074,4637,2437,34.45
093,01530,47021,,,Alma/SouthParkPRD,289,0,289,2.04,196,142,54,27.55
093,25610,47021,,,Fairplay/SouthParkPRD,715,0,715,2.36,404,303,101,25.00
093,99990,47006,,,Uninc/HarrisParkMD,543,0,543,2.31,449,235,214,47.66
093,99990,47008,47021,Dp,IndianMtMPRD/Uninc/47008,323,0,323,1.96,603,165,438,72.64
093,99990,47021,47008,,IndianMtMPRD/Uninc/47008,323,0,323,1.96,603,165,438,72.64
093,99990,47021,,,Uninc/SouthParkPRD,4177,74,4103,2.15,5592,1906,3686,65.92
093,99990,47015,,,Uninc/WillOWispMD,243,0,243,2.31,114,105,9,7.89
093,99990,,,,Unincorp. Area,10995,18,10977,2.37,7074,4637,2437,34.45
095,00000,,,,PHILLIPS COUNTY,4285,60,4225,2.28,2127,1854,273,12.83
095,00002,,,,Non-District Sum,4285,60,4225,2.28,2127,1854,273,12.83
095,34960,,,,Haxtun,959,20,939,2.29,504,410,94,18.65
095,37270,,,,Holyoke,2181,40,2141,2.25,1043,952,91,8.72
095,57245,,,,Paoli,33,0,33,1.94,24,17,7,29.17
095,99990,,,,Unincorp. Area,1112,0,1112,2.34,556,475,81,14.57
097,00000,,,,PITKIN COUNTY,17773,72,17701,2.06,13670,8592,5078,37.15
097,00001,65152,,,Crown Mountain P/R Dist,3059,20,3039,2.37,1677,1280,397,23.67
097,00002,,,,Non-District Sum,14714,52,14662,2.01,11993,7312,4681,39.03
097,03620,,,,Aspen,7114,42,7072,1.85,6432,3814,2618,40.70
097,04935,65152,,,Basalt/CrownMtPRD,926,0,926,2.34,519,396,123,23.70
097,04935,,,,Basalt,0,0,0,,0,0,0,0.00
097,71755,65152,,,Snowmass Village/CrownMtPRD,2,0,2,2.00,2,1,1,50.00
097,71755,,,,Snowmass Village,2833,10,2823,2.09,2396,1350,1046,43.66
097,99990,65152,,,Uninc/CrownMtPRD,2131,20,2111,2.39,1156,883,273,23.62
097,99990,,,,Unincorp. Area,4767,0,4767,2.22,3165,2148,1017,32.13
099,00000,,,,PROWERS COUNTY,11841,315,11526,2.34,5945,4936,1009,16.97
099,00002,,,,Non-District Sum,11841,315,11526,2.34,5945,4936,1009,16.97
099,31550,,,,Granada,487,0,487,2.62,243,186,57,23.46
099,34520,,,,Hartman,76,0,76,2.17,48,35,13,27.08
099,37215,,,,Holly,763,44,719,2.40,384,300,84,21.88
099,43110,,,,Lamar,7365,265,7100,2.29,3667,3102,565,15.41
099,85045,,,,Wiley,381,0,381,2.35,196,162,34,17.35
099,99990,,,,Unincorp. Area,2769,6,2763,2.40,1407,1151,256,18.19
101,00000,,,,PUEBLO COUNTY,165109,4406,160703,2.51,70701,64037,6664,9.43
101,00001,51007,,,Colorado City Metro District,2332,78,2254,2.51,986,897,89,9.03
101,00001,51015,,,Pueblo West Metro District,30703,108,30595,2.82,11504,10865,639,5.55
101,00002,,,,Non-District Sum,132074,4220,127854,2.45,58211,52275,5936,10.20
101,07795,,,,Boone,351,8,343,2.43,185,141,44,23.78
101,62000,,,,Pueblo,110621,4130,106491,2.42,48394,44019,4375,9.04
101,66895,,,,Rye,156,0,156,2.20,115,71,44,38.26
101,99990,51007,,,Uninc/ColoradoCityMD,2332,78,2254,2.51,986,897,89,9.03
101,99990,51015,,,Uninc/PuebloWestMD,30703,108,30595,2.82,11504,10865,639,5.55
101,99990,,,,Unincorp. Area,20946,82,20864,2.59,9517,8044,1473,15.48
103,00000,,,,RIO BLANCO COUNTY,6497,259,6238,2.29,3414,2726,688,20.15
103,00001,52003,,,Eastern Rio Blanco Metro R/P Dist,3720,45,3675,2.25,2149,1631,518,24.10
103,00001,52019,,,Western Rio Blanco Metro R/P Dist,2768,214,2554,2.34,1254,1092,162,12.92
103,00002,,,,Non-District Sum,9,0,9,3.00,11,3,8,72.73
103,49875,52003,,,Meeker/ERioBlancoMRPD,2333,43,2290,2.26,1219,1013,206,16.90
103,62880,52019,,,Rangely/WRioBlancoMRPD,2329,211,2118,2.32,1046,914,132,12.62
103,99990,52003,,,Uninc/ERioBlancoMRPD,1387,2,1385,2.24,930,618,312,33.55
103,99990,52019,,,Uninc/WRioBlancoMRPD,439,3,436,2.45,208,178,30,14.42
103,99990,,,,Unincorp. Area,9,0,9,3.00,11,3,8,72.73
105,00000,,,,RIO GRANDE COUNTY,11424,198,11226,2.32,6712,4837,1875,27.94
105,00002,,,,Non-District Sum,11424,198,11226,2.32,6712,4837,1875,27.94
105,12855,,,,Center (MCP),205,0,205,2.33,96,88,8,8.33
105,19795,,,,Del Norte,1595,41,1554,2.27,854,684,170,19.91
105,51635,,,,Monte Vista,4242,54,4188,2.33,1987,1798,189,9.51
105,72395,,,,South Fork,367,6,361,2.02,603,179,424,70.32
105,99990,,,,Unincorp. Area,5015,97,4918,2.36,3172,2088,1084,34.17
107,00000,,,,ROUTT COUNTY,24679,343,24336,2.40,16689,10122,6567,39.35
107,00001,54017,,,Steamboat II Metro District,1156,0,1156,2.96,405,391,14,3.46
107,00002,,,,Non-District Sum,23523,343,23180,2.38,16284,9731,6553,40.24
107,35070,,,,Hayden,1883,0,1883,2.52,817,747,70,8.57
107,55155,,,,Oak Creek,914,0,914,2.31,514,396,118,22.96
107,73825,,,,Steamboat Springs,12698,286,12412,2.33,10207,5327,4880,47.81
107,86475,,,,Yampa,448,0,448,2.52,218,178,40,18.35
107,99990,54017,,,Uninc/SteamboatIIMD,1156,0,1156,2.96,405,391,14,3.46
107,99990,,,,Unincorp. Area,7580,57,7523,2.44,4528,3083,1445,31.91
109,00000,,,,SAGUACHE COUNTY,6404,18,6386,2.31,4036,2763,1273,31.54
109,00001,64073,,,Gunnison County Metro Rec District,60,0,60,2.22,54,27,27,50.00
109,00002,,,,Non-District Sum,6344,18,6326,2.31,3982,2736,1246,31.29
109,07571,,,,Bonanza City,17,0,17,1.55,45,11,34,75.56
109,12855,,,,Center (MCP),2019,0,2019,2.86,829,705,124,14.96
109,18420,,,,Crestone,157,0,157,2.15,119,73,46,38.66
109,51250,,,,Moffat,116,0,116,2.27,70,51,19,27.14
109,67005,,,,Saguache,488,18,470,1.97,346,238,108,31.21
109,99990,64073,,,Uninc/GunnisonCoMRD,60,0,60,2.22,54,27,27,50.00
109,99990,,,,Unincorp. Area,3547,0,3547,2.14,2573,1658,915,35.56
111,00000,,,,SAN JUAN COUNTY,698,0,698,2.00,771,349,422,54.73
111,00002,,,,Non-District Sum,698,0,698,2.00,771,349,422,54.73
111,70580,,,,Silverton,635,0,635,1.97,507,323,184,36.29
111,99990,,,,Unincorp. Area,63,0,63,2.42,264,26,238,90.15
113,00000,,,,SAN MIGUEL COUNTY,8000,9,7991,2.25,6826,3559,3267,47.86
113,00001,66164,,,Norwood Park and Recreation District,1470,0,1470,2.43,779,605,174,22.34
113,00002,,,,Non-District Sum,6530,9,6521,2.21,6047,2954,3093,51.15
113,52550,,,,Mountain Village,1404,0,1404,1.85,2088,759,1329,63.65
113,54880,66164,,,Norwood/NorwoodPRD,561,0,561,2.54,256,221,35,13.67
113,55870,,,,Ophir,194,0,194,2.85,74,68,6,8.11
113,68655,,,,Sawpit,44,0,44,2.32,24,19,5,20.83
113,76795,,,,Telluride,2537,0,2537,2.25,2146,1126,1020,47.53
113,99990,66164,,,Uninc/NorwoodPRD,909,0,909,2.37,523,384,139,26.58
113,99990,,,,Unincorp. Area,2351,9,2342,2.38,1715,982,733,42.74
115,00000,,,,SEDGWICK COUNTY,2421,35,2386,2.18,1420,1097,323,22.75
115,00002,,,,Non-District Sum,2421,35,2386,2.18,1420,1097,323,22.75
115,39965,,,,Julesburg,1245,35,1210,2.12,731,571,160,21.89
115,56475,,,,Ovid,321,0,321,2.29,176,140,36,20.45
115,68930,,,,Sedgwick,148,0,148,1.95,110,76,34,30.91
115,99990,,,,Unincorp. Area,707,0,707,2.28,403,310,93,23.08
117,00000,,,,SUMMIT COUNTY,30367,273,30094,2.49,30608,12076,18532,60.55
117,00001,59005,,,Buffalo Mountain Metro District,1890,2,1888,2.36,2325,800,1525,65.59
117,00001,59039,,,Copper Mtn Consolidated Metropolitan District,402,69,333,1.84,1740,181,1559,89.60
117,00001,59032,,,Swan's Nest Metro District,119,0,119,2.98,133,40,93,69.92
117,00001,59023,,,Willow Brook Metro District,51,0,51,2.32,51,22,29,56.86
117,00002,,,,Non-District Sum,27905,202,27703,2.51,26359,11033,15326,58.14
117,07410,,,,Blue River,914,0,914,2.67,740,342,398,53.78
117,08400,,,,Breckenridge,5035,103,4932,2.41,7267,2046,5221,71.85
117,20440,,,,Dillon,957,0,957,2.10,1292,456,836,64.71
117,28690,,,,Frisco,2931,0,2931,2.18,3222,1342,1880,58.35
117,51690,,,,Montezuma,71,0,71,2.73,57,26,31,54.39
117,70525,,,,Silverthorn,4402,2,4400,2.83,2208,1554,654,29.62
117,99990,59005,,,Uninc/BuffaloMountainMD,1890,2,1888,2.36,2325,800,1525,65.59
117,99990,59039,,,Uninc/CopperMountainCMD,402,69,333,1.84,1740,181,1559,89.60
117,99990,59032,,,Uninc/Swan's NestMD,119,0,119,2.98,133,40,93,69.92
117,99990,59023,,,Uninc/WillowBrookMD,51,0,51,2.32,51,22,29,56.86
117,99990,,,,Unincorp. Area,13595,97,13498,2.56,11573,5267,6306,54.49
119,00000,,,,TELLER COUNTY,24154,132,24022,2.37,13088,10157,2931,22.39
119,00002,,,,Non-District Sum,24154,132,24022,2.37,13088,10157,2931,22.39
119,18530,,,,Cripple Creek,1158,0,1158,2.08,732,556,176,24.04
119,32650,,,,Green Mtn. Falls (MCP),27,0,27,1.80,33,15,18,54.55
119,80865,,,,Victor,417,0,417,1.97,337,212,125,37.09
119,86090,,,,Woodland Park,8600,0,8600,2.82,3336,3049,287,8.60
119,99990,,,,Unincorp. Area,13952,132,13820,2.18,8650,6325,2325,26.88
121,00000,,,,WASHINGTON COUNTY,4875,184,4691,2.35,2455,1997,458,18.66
121,00002,,,,Non-District Sum,4875,184,4691,2.35,2455,1997,458,18.66
121,00925,,,,Akron,1720,184,1536,2.16,848,712,136,16.04
121,56365,,,,Otis,481,0,481,2.36,250,204,46,18.40
121,99990,,,,Unincorp. Area,2674,0,2674,2.47,1357,1081,276,20.34
123,00000,,,,WELD COUNTY,294397,5031,289366,2.95,105552,98044,7508,7.11
123,00001,62082,,,Beebe Draw Farms Metro Dist #1,158,0,158,3.10,55,51,4,7.27
123,00001,01039,,,Bromley Park Metro Drist#2,0,0,0,,0,0,0,0.00
123,00001,62074,,,Carbon Valley P/R District,31555,0,31555,3.15,10547,10002,545,5.17
123,00001,62104,,,Thompson Rivers P/R District,23240,0,23240,3.16,7762,7359,403,5.19
123,00001,62123,,,Vista Ridge Metro District,4915,0,4915,2.96,1775,1660,115,6.48
123,00001,65846,,,St Vrain Lakes Metro District No 4,0,0,0,,0,0,0,0.00
123,00001,65844,,,St Vrain Lakes Metro District No 2,0,0,0,,0,0,0,0.00
123,00001,65845,,,St Vrain Lakes Metro District No 3,0,0,0,,0,0,0,0.00
123,00001,66593,,,Eaton Parks and Rec,9509,10,9499,3.03,3357,3137,220,6.55
123,00002,,,,Non-District Sum,225020,5021,219999,2.90,82056,75835,6221,7.58
123,03950,,,,Ault,1700,0,1700,2.80,647,607,40,6.18
123,06255,62104,,,Berthoud/ThompsonRiversPRD,6,0,6,6.00,1,1,0,0.00
123,06255,,,,Berthoud (MCP),114,0,114,3.45,35,33,2,5.71
123,08675,01039,,,Brighton (MCP),0,0,0,,0,0,0,0.00
123,08675,,,,Brighton (MCP),405,0,405,3.29,130,123,7,5.38
123,19080,62074,,,Dacono/CarbonValleyPRD,5008,0,5008,3.03,1763,1654,109,6.18
123,19080,,,,Dacono,0,0,0,,0,0,0,0.00
123,22860,,,,Eaton,,0,,,,,,0.00
123,22860,66593,,,Eaton/EatonPR,5104,0,5104,3.15,1698,1621,77,4.53
123,24950,62123,,,Erie/VistaRidgeMD,4915,0,4915,2.96,1775,1660,115,6.48
123,24950,,,,Erie (MCP),7288,0,7288,2.99,2573,2435,138,5.36
123,25280,62104,,,Evans/ThompsonRiversPRD,3,0,3,1.50,2,2,0,0.00
123,25280,,,,Evans,20220,4,20216,3.13,6931,6452,479,6.91
123,26600,62074,,,Firestone/CarbonValleyPRD,12943,0,12943,3.28,4195,3949,246,5.86
123,26600,,,,Firestone,0,0,0,,0,0,0,0.00
123,27700,,,,Fort Lupton,7975,0,7975,3.28,2575,2430,145,5.63
123,28360,62074,,,Frederick/CarbonValleyPRD,12209,0,12209,3.13,4059,3900,159,3.92
123,28360,,,,Frederick,0,0,0,,0,0,0,0.00
123,29185,,,,Garden City,247,0,247,2.25,127,110,17,13.39
123,29955,,,,Gilcrest,1094,0,1094,3.40,344,322,22,6.40
123,32155,62104,,,Greeley/ThompsonRiversPRD,0,0,0,,0,0,0,0.00
123,32155,,,,Greeley,104557,4860,99697,2.80,38662,35580,3082,7.97
123,33310,,,,Grover,149,0,149,2.37,92,63,29,31.52
123,37820,,,,Hudson,1597,0,1597,3.09,563,517,46,8.17
123,39855,62104,,,Johnstown/ThompsonRiversPRD,14649,0,14649,3.18,4833,4611,222,4.59
123,40185,,,,Keenesburg,1209,9,1200,2.71,467,442,25,5.35
123,40515,,,,Kersey,1574,0,1574,3.14,540,502,38,7.04
123,43605,,,,La Salle,2150,0,2150,2.98,771,722,49,6.36
123,45530,,,,Lochbuie (MCP),5617,0,5617,3.08,1968,1822,146,7.42
123,45970,,,,Longmont (MCP),42,16,26,1.86,19,14,5,26.32
123,49600,62104,,,Mead/ThompsonRiversPRD,0,0,0,,0,0,0,0.00
123,49600,,,,Mead/NonD,4473,0,4473,3.11,1500,1437,63,4.20
123,50480,62104,,,Milliken/ThompsonR,6663,0,6663,3.21,2206,2076,130,5.89
123,50480,,,,Milliken,9,0,9,2.25,5,4,1,20.00
123,54330,,,,Northglenn (MCP),13,0,13,1.63,11,8,3,27.27
123,55045,,,,Nunn,449,0,449,2.66,200,169,31,15.50
123,59005,,,,Pierce,887,0,887,2.84,337,312,25,7.42
123,60160,,,,Platteville,2779,0,2779,3.06,985,907,78,7.92
123,63045,,,,Raymer,105,0,105,2.76,57,38,19,33.33
123,69150,,,,Severance,4075,0,4075,3.05,1405,1337,68,4.84
123,85485,,,,Windsor(MCP),17773,103,17670,2.88,6584,6143,441,6.70
123,99990,66593,,,Uninc/EatonPR,4405,10,4395,2.90,1659,1516,143,8.62
123,99990,62082,,,Uninc/BeebeDrawFarmsMD#1,158,0,158,3.10,55,51,4,7.27
123,99990,62074,,,Uninc/CarbonValleyPRD,1395,0,1395,2.80,530,499,31,5.85
123,99990,62104,,,Uninc/ThompsonRiversPRD,1919,0,1919,2.87,720,669,51,7.08
123,99990,,,,Unincorp. Area,38519,29,38490,2.89,14528,13306,1222,8.41
123,99990,65844,,,Uninc/StVrainLakesMD2,0,0,0,,0,0,0,0.00
123,99990,65845,,,Uninc/StVrainLakesMD3,0,0,0,,0,0,0,0.00
123,99990,65846,,,Uninc/StVrainLakesMD4,0,0,0,,0,0,0,0.00
125,00000,,,,YUMA COUNTY,10082,234,9848,2.47,4500,3982,518,11.51
125,00002,,,,Non-District Sum,10082,234,9848,2.47,4500,3982,518,11.51
125,23025,,,,Eckley,253,0,253,2.30,132,110,22,16.67
125,86310,,,,Wray,2331,145,2186,2.34,1027,936,91,8.86
125,86750,,,,Yuma,3587,89,3498,2.55,1494,1374,120,8.03
125,99990,,,,Unincorp. Area,3911,0,3911,2.50,1847,1562,285,15.43
